<?xml version="1.0" encoding="UTF-8"?>
<GenRun Id="impl_1" LaunchPart="xc7a35tcpg236-1" LaunchTime="1592888396">
  <File Type="BITSTR-BMM" Name="adder8_bd.bmm"/>
  <File Type="OPT-METHODOLOGY-DRC" Name="adder8_methodology_drc_opted.rpt"/>
  <File Type="INIT-TIMING" Name="adder8_timing_summary_init.rpt"/>
  <File Type="ROUTE-PWR" Name="adder8_power_routed.rpt"/>
  <File Type="PA-TCL" Name="adder8.tcl"/>
  <File Type="OPT-TIMING" Name="adder8_timing_summary_opted.rpt"/>
  <File Type="OPT-DCP" Name="adder8_opt.dcp"/>
  <File Type="ROUTE-PWR-SUM" Name="adder8_power_summary_routed.pb"/>
  <File Type="REPORTS-TCL" Name="adder8_reports.tcl"/>
  <File Type="OPT-DRC" Name="adder8_drc_opted.rpt"/>
  <File Type="OPT-HWDEF" Name="adder8.hwdef"/>
  <File Type="PWROPT-DCP" Name="adder8_pwropt.dcp"/>
  <File Type="PWROPT-DRC" Name="adder8_drc_pwropted.rpt"/>
  <File Type="PWROPT-TIMING" Name="adder8_timing_summary_pwropted.rpt"/>
  <File Type="PLACE-DCP" Name="adder8_placed.dcp"/>
  <File Type="PLACE-IO" Name="adder8_io_placed.rpt"/>
  <File Type="PLACE-CLK" Name="adder8_clock_utilization_placed.rpt"/>
  <File Type="PLACE-UTIL" Name="adder8_utilization_placed.rpt"/>
  <File Type="PLACE-UTIL-PB" Name="adder8_utilization_placed.pb"/>
  <File Type="PLACE-CTRL" Name="adder8_control_sets_placed.rpt"/>
  <File Type="PLACE-SIMILARITY" Name="adder8_incremental_reuse_placed.rpt"/>
  <File Type="PLACE-PRE-SIMILARITY" Name="adder8_incremental_reuse_pre_placed.rpt"/>
  <File Type="PLACE-TIMING" Name="adder8_timing_summary_placed.rpt"/>
  <File Type="POSTPLACE-PWROPT-DCP" Name="adder8_postplace_pwropt.dcp"/>
  <File Type="BG-BIN" Name="adder8.bin"/>
  <File Type="POSTPLACE-PWROPT-TIMING" Name="adder8_timing_summary_postplace_pwropted.rpt"/>
  <File Type="PHYSOPT-DCP" Name="adder8_physopt.dcp"/>
  <File Type="PHYSOPT-DRC" Name="adder8_drc_physopted.rpt"/>
  <File Type="BITSTR-MSK" Name="adder8.msk"/>
  <File Type="PHYSOPT-TIMING" Name="adder8_timing_summary_physopted.rpt"/>
  <File Type="ROUTE-ERROR-DCP" Name="adder8_routed_error.dcp"/>
  <File Type="ROUTE-DCP" Name="adder8_routed.dcp"/>
  <File Type="ROUTE-BLACKBOX-DCP" Name="adder8_routed_bb.dcp"/>
  <File Type="ROUTE-DRC" Name="adder8_drc_routed.rpt"/>
  <File Type="ROUTE-DRC-PB" Name="adder8_drc_routed.pb"/>
  <File Type="ROUTE-DRC-RPX" Name="adder8_drc_routed.rpx"/>
  <File Type="BITSTR-MMI" Name="adder8.mmi"/>
  <File Type="ROUTE-METHODOLOGY-DRC" Name="adder8_methodology_drc_routed.rpt"/>
  <File Type="ROUTE-METHODOLOGY-DRC-RPX" Name="adder8_methodology_drc_routed.rpx"/>
  <File Type="ROUTE-METHODOLOGY-DRC-PB" Name="adder8_methodology_drc_routed.pb"/>
  <File Type="ROUTE-PWR-RPX" Name="adder8_power_routed.rpx"/>
  <File Type="ROUTE-STATUS" Name="adder8_route_status.rpt"/>
  <File Type="ROUTE-STATUS-PB" Name="adder8_route_status.pb"/>
  <File Type="ROUTE-TIMINGSUMMARY" Name="adder8_timing_summary_routed.rpt"/>
  <File Type="ROUTE-TIMING-PB" Name="adder8_timing_summary_routed.pb"/>
  <File Type="ROUTE-TIMING-RPX" Name="adder8_timing_summary_routed.rpx"/>
  <File Type="ROUTE-SIMILARITY" Name="adder8_incremental_reuse_routed.rpt"/>
  <File Type="ROUTE-CLK" Name="adder8_clock_utilization_routed.rpt"/>
  <File Type="ROUTE-BUS-SKEW" Name="adder8_bus_skew_routed.rpt"/>
  <File Type="ROUTE-BUS-SKEW-PB" Name="adder8_bus_skew_routed.pb"/>
  <File Type="ROUTE-BUS-SKEW-RPX" Name="adder8_bus_skew_routed.rpx"/>
  <File Type="POSTROUTE-PHYSOPT-DCP" Name="adder8_postroute_physopt.dcp"/>
  <File Type="POSTROUTE-PHYSOPT-BLACKBOX-DCP" Name="adder8_postroute_physopt_bb.dcp"/>
  <File Type="POSTROUTE-PHYSOPT-TIMING" Name="adder8_timing_summary_postroute_physopted.rpt"/>
  <File Type="POSTROUTE-PHYSOPT-TIMING-PB" Name="adder8_timing_summary_postroute_physopted.pb"/>
  <File Type="POSTROUTE-PHYSOPT-TIMING-RPX" Name="adder8_timing_summary_postroute_physopted.rpx"/>
  <File Type="POSTROUTE-PHYSOPT-BUS-SKEW" Name="adder8_bus_skew_postroute_physopted.rpt"/>
  <File Type="POSTROUTE-PHYSOPT-BUS-SKEW-PB" Name="adder8_bus_skew_postroute_physopted.pb"/>
  <File Type="BG-BIT" Name="adder8.bit"/>
  <File Type="POSTROUTE-PHYSOPT-BUS-SKEW-RPX" Name="adder8_bus_skew_postroute_physopted.rpx"/>
  <File Type="BITSTR-RBT" Name="adder8.rbt"/>
  <File Type="BITSTR-NKY" Name="adder8.nky"/>
  <File Type="PDI-FILE" Name="adder8.pdi"/>
  <File Type="RCFI_FILE" Name="adder8.rcfi"/>
  <File Type="CFI_FILE" Name="adder8.cfi"/>
  <File Type="RNPI_FILE" Name="adder8.rnpi"/>
  <File Type="NPI_FILE" Name="adder8.npi"/>
  <File Type="RBD_FILE" Name="adder8.rbd"/>
  <File Type="BITSTR-LTX" Name="debug_nets.ltx"/>
  <File Type="BITSTR-LTX" Name="adder8.ltx"/>
  <File Type="BITSTR-SYSDEF" Name="adder8.sysdef"/>
  <File Type="BG-BGN" Name="adder8.bgn"/>
  <File Type="BG-DRC" Name="adder8.drc"/>
  <File Type="RDI-RDI" Name="adder8.vdi"/>
  <File Type="WBT-USG" Name="usage_statistics_webtalk.html"/>
  <FileSet Name="sources" Type="DesignSrcs" RelSrcDir="$PSRCDIR/sources_1">
    <Filter Type="Srcs"/>
    <File Path="$PSRCDIR/sources_1/new/full_adder.v">
      <FileInfo>
        <Attr Name="ImportPath" Val="$PPRDIR/../lab_1/lab_1.srcs/sources_1/new/full_adder.v"/>
        <Attr Name="ImportTime" Val="1592870242"/>
        <Attr Name="UsedIn" Val="synthesis"/>
        <Attr Name="UsedIn" Val="implementation"/>
        <Attr Name="UsedIn" Val="simulation"/>
      </FileInfo>
    </File>
    <File Path="$PSRCDIR/sources_1/new/adder8.v">
      <FileInfo>
        <Attr Name="ImportPath" Val="$PPRDIR/../lab_1/lab_1.srcs/sources_1/new/adder8.v"/>
        <Attr Name="ImportTime" Val="1592873550"/>
        <Attr Name="UsedIn" Val="synthesis"/>
        <Attr Name="UsedIn" Val="implementation"/>
        <Attr Name="UsedIn" Val="simulation"/>
      </FileInfo>
    </File>
    <Config>
      <Option Name="DesignMode" Val="RTL"/>
      <Option Name="TopModule" Val="adder8"/>
      <Option Name="TopAutoSet" Val="TRUE"/>
    </Config>
  </FileSet>
  <FileSet Name="constrs_in" Type="Constrs" RelSrcDir="$PSRCDIR/constrs_1">
    <Filter Type="Constrs"/>
    <File Path="$PSRCDIR/constrs_1/new/adder8.xdc">
      <FileInfo>
        <Attr Name="UsedIn" Val="synthesis"/>
        <Attr Name="UsedIn" Val="implementation"/>
      </FileInfo>
    </File>
    <Config>
      <Option Name="ConstrsType" Val="XDC"/>
    </Config>
  </FileSet>
  <FileSet Name="utils" Type="Utils" RelSrcDir="$PSRCDIR/utils_1">
    <Filter Type="Utils"/>
    <Config>
      <Option Name="TopAutoSet" Val="TRUE"/>
    </Config>
  </FileSet>
  <Strategy Version="1" Minor="2">
    <StratHandle Name="Area_Explore" Flow="Vivado Implementation 2020"/>
    <Step Id="init_design"/>
    <Step Id="opt_design">
      <Option Id="Directive">1</Option>
    </Step>
    <Step Id="power_opt_design"/>
    <Step Id="place_design"/>
    <Step Id="post_place_power_opt_design"/>
    <Step Id="phys_opt_design" EnableStepBool="0"/>
    <Step Id="route_design"/>
    <Step Id="post_route_phys_opt_design"/>
    <Step Id="write_bitstream"/>
  </Strategy>
</GenRun>
