<?xml version="1.0" encoding="UTF-8"?>
<GenRun Id="synth_1" LaunchPart="xc7a35tcpg236-1" LaunchTime="1592973529">
  <File Type="PA-TCL" Name="adder8.tcl"/>
  <File Type="RDS-PROPCONSTRS" Name="adder8_drc_synth.rpt"/>
  <File Type="REPORTS-TCL" Name="adder8_reports.tcl"/>
  <File Type="RDS-RDS" Name="adder8.vds"/>
  <File Type="RDS-UTIL" Name="adder8_utilization_synth.rpt"/>
  <File Type="RDS-UTIL-PB" Name="adder8_utilization_synth.pb"/>
  <File Type="RDS-DCP" Name="adder8.dcp"/>
  <File Type="VDS-TIMINGSUMMARY" Name="adder8_timing_summary_synth.rpt"/>
  <File Type="VDS-TIMING-PB" Name="adder8_timing_summary_synth.pb"/>
  <FileSet Name="sources" Type="DesignSrcs" RelSrcDir="$PSRCDIR/sources_1">
    <Filter Type="Srcs"/>
    <File Path="$PSRCDIR/sources_1/new/full_adder.v">
      <FileInfo>
        <Attr Name="ImportPath" Val="$PPRDIR/../lab_1/lab_1.srcs/sources_1/new/full_adder.v"/>
        <Attr Name="ImportTime" Val="1592870242"/>
        <Attr Name="UsedIn" Val="synthesis"/>
        <Attr Name="UsedIn" Val="implementation"/>
        <Attr Name="UsedIn" Val="simulation"/>
      </FileInfo>
    </File>
    <File Path="$PSRCDIR/sources_1/new/adder8.v">
      <FileInfo>
        <Attr Name="ImportPath" Val="$PPRDIR/../lab_1/lab_1.srcs/sources_1/new/adder8.v"/>
        <Attr Name="ImportTime" Val="1592873550"/>
        <Attr Name="UsedIn" Val="synthesis"/>
        <Attr Name="UsedIn" Val="implementation"/>
        <Attr Name="UsedIn" Val="simulation"/>
      </FileInfo>
    </File>
    <File Path="$PSRCDIR/sources_1/new/full_subtractor.v">
      <FileInfo>
        <Attr Name="UserDisabled" Val="1"/>
        <Attr Name="UsedIn" Val="synthesis"/>
        <Attr Name="UsedIn" Val="implementation"/>
        <Attr Name="UsedIn" Val="simulation"/>
      </FileInfo>
    </File>
    <File Path="$PSRCDIR/sources_1/new/subtractor8.v">
      <FileInfo>
        <Attr Name="UserDisabled" Val="1"/>
        <Attr Name="UsedIn" Val="synthesis"/>
        <Attr Name="UsedIn" Val="implementation"/>
        <Attr Name="UsedIn" Val="simulation"/>
      </FileInfo>
    </File>
    <Config>
      <Option Name="DesignMode" Val="RTL"/>
      <Option Name="TopModule" Val="adder8"/>
      <Option Name="TopAutoSet" Val="TRUE"/>
    </Config>
  </FileSet>
  <FileSet Name="constrs_in" Type="Constrs" RelSrcDir="$PSRCDIR/constrs_1">
    <Filter Type="Constrs"/>
    <File Path="$PSRCDIR/constrs_1/new/adder8.xdc">
      <FileInfo>
        <Attr Name="ImportPath" Val="$PPRDIR/../lab_2/lab_2.srcs/constrs_1/new/adder8.xdc"/>
        <Attr Name="ImportTime" Val="1592878046"/>
        <Attr Name="UsedIn" Val="synthesis"/>
        <Attr Name="UsedIn" Val="implementation"/>
      </FileInfo>
    </File>
    <Config>
      <Option Name="ConstrsType" Val="XDC"/>
    </Config>
  </FileSet>
  <FileSet Name="utils" Type="Utils" RelSrcDir="$PSRCDIR/utils_1">
    <Filter Type="Utils"/>
    <Config>
      <Option Name="TopAutoSet" Val="TRUE"/>
    </Config>
  </FileSet>
  <Strategy Version="1" Minor="2">
    <StratHandle Name="Vivado Synthesis Defaults" Flow="Vivado Synthesis 2020">
      <Desc>Vivado Synthesis Defaults</Desc>
    </StratHandle>
    <Step Id="synth_design"/>
  </Strategy>
</GenRun>
